,Card,Type,Color,View,Picked By,
✓,Descendant of Storms,Creature — Human Soldier,W,View,adhavoc,$E$47
✓,Esper Sentinel,Artifact Creature — Human Soldier,W,View,adhavoc,$E$31
✓,Giver of Runes,Creature — Kor Cleric,W,View,aviseras,$L$9
✓,"Kytheon, Hero of Akros",Legendary Creature — Human Soldier,W,View,adhavoc,$E$48
✓,Mother of Runes,Creature — Human Cleric,W,View,aviseras,$L$6
✓,Novice Inspector,Creature — Human Detective,W,View,aviseras,$L$12
✓,Ocelot Pride,Creature — Cat,W,View,adhavoc,$E$5
✓,Thraben Inspector,Creature — Human Soldier,W,View,aviseras,$L$11
✓,Usher of the Fallen,Creature — Spirit Warrior,W,View,adhavoc,$E$44
✓,Zack Fair,Legendary Creature — Human Soldier,W,View,coopergfrye,$C$27
✓,Cathar Commando,Creature — Human Soldier,W,View,lastabzan,$F$19
✓,Charming Prince,Creature — Human Noble,W,4,aviseras,$L$44
✓,Clarion Spirit,Creature — Spirit,W,View,adhavoc,$E$28
✓,"Cloud, Midgar Mercenary",Legendary Creature — Human Soldier Mercenary,W,View,aviseras,$L$32
✓,Containment Priest,Creature — Human Cleric,W,View,aviseras,$L$24
✓,Intrepid Adversary,Creature — Human Scout,W,View,aviseras,$L$30
✓,Luminarch Aspirant,Creature — Human Cleric,W,View,aviseras,$L$29
✓,"Phelia, Exuberant Shepherd",Legendary Creature — Dog,W,View,aviseras,$L$4
✓,Selfless Spirit,Creature — Spirit Cleric,W,View,lastabzan,$F$20
✓,Stoneforge Mystic,Creature — Kor Artificer,W,View,adhavoc,$E$11
✓,"Thalia, Guardian of Thraben",Legendary Creature — Human Soldier,W,View,adhavoc,$E$38
✓,Voice of Victory,Creature — Human Bard,W,View,adhavoc,$E$14
✓,Wall of Omens,Creature — Wall,W,View,coopergfrye,$C$41
✓,"Adeline, Resplendent Cathar",Legendary Creature — Human Knight,W,View,adhavoc,$E$24
✓,Blade Splicer,Creature — Phyrexian Human Artificer,W,View,aviseras,$L$13
✓,Cosmogrand Zenith,Creature — Human Soldier,W,View,adhavoc,$E$34
✓,Elite Spellbinder,Creature — Human Cleric,W,View,aviseras,$L$10
✓,Flickerwisp,Creature — Elemental,W,View,aviseras,$L$25
✓,Loran of the Third Path,Legendary Creature — Human Artificer,W,View,ILIJILILI,$D$35
,Monastery Mentor,Creature — Human Monk,W,View,,
,Oltec Matterweaver,Creature — Human Artificer,W,View,,
✓,Ranger-Captain of Eos,Creature — Human Soldier Ranger,W,View,aviseras,$L$26
✓,Sanguine Evangelist,Creature — Vampire Cleric,W,View,ILIJILILI,$D$33
✓,Skyclave Apparition,Creature — Kor Spirit,W,View,aviseras,$L$20
✓,"Thalia, Heretic Cathar",Legendary Creature — Human Soldier,W,View,adhavoc,$E$39
✓,"Toby, Beastie Befriender",Legendary Creature — Human Wizard,W,View,aviseras,$L$14
✓,Restoration Angel,Creature — Angel,W,View,aviseras,$L$22
✓,Serra Paragon,Creature — Angel,W,View,coopergfrye,$C$25
✓,Witch Enchanter,Creature — Human Warlock,W,View,aviseras,$L$27
✓,Solitude,Creature — Elemental Incarnation,W,View,aviseras,$L$5
,Timeless Dragon,Creature — Dragon,W,View,,
✓,Eagles of the North,Creature — Bird Soldier,W,View,adhavoc,$E$30
✓,Steel Seraph,Artifact Creature — Angel,W,View,aviseras,$L$48
✓,Overlord of the Mistmoors,Enchantment Creature — Avatar Horror,W,View,ILIJILILI,$D$9
✓,Condemn,Instant,W,View,aviseras,$L$28
✓,Ephemerate,Instant,W,View,aviseras,$L$19
✓,Path to Exile,Instant,W,View,aviseras,$L$8
✓,Swords to Plowshares,Instant,W,View,adhavoc,$E$4
✓,Get Lost,Instant,W,View,adhavoc,$E$40
✓,Reprieve,Instant,W,View,adhavoc,$E$10
✓,Thraben Charm,Instant,W,View,adhavoc,$E$21
✓,Oust,Sorcery,W,View,coopergfrye,$C$17
✓,Prismatic Ending,Sorcery,W,View,coopergfrye,$C$18
✓,Sevinne's Reclamation,Sorcery,W,View,coopergfrye,$C$29
✓,Battle Screech,Sorcery,W,View,aviseras,$L$45
✓,Day of Judgment,Sorcery,W,View,aviseras,$L$38
✓,Sunfall,Sorcery,W,View,aviseras,$L$39
✓,Portable Hole,Artifact,W,View,lastabzan,$F$23
✓,Barbed Spike,Artifact — Equipment,W,View,adhavoc,$E$33
,Collector's Cage,Artifact,W,View,,
✓,Staff of the Storyteller,Artifact,W,View,lastabzan,$F$14
✓,Unidentified Hovership,Artifact — Vehicle,W,View,aviseras,$L$46
,Legion's Landing,Legendary Enchantment,W,View,,
✓,Journey to Nowhere,Enchantment,W,View,aviseras,$L$21
✓,Michiko's Reign of Truth,Enchantment — Saga,W,View,lastabzan,$F$31
✓,Sheltered by Ghosts,Enchantment — Aura,W,View,lastabzan,$F$32
✓,Caretaker's Talent,Enchantment — Class,W,View,ILIJILILI,$D$38
✓,Wedding Announcement,Enchantment,W,View,aviseras,$L$31
,Virtue of Loyalty,Enchantment,W,View,,
✓,Leyline Binding,Enchantment,W,View,coopergfrye,$C$40
✓,"Gideon, Ally of Zendikar",Legendary Planeswalker — Gideon,W,View,ILIJILILI,$D$39
✓,The Wandering Emperor,Legendary Planeswalker,W,View,aviseras,$L$15
✓,"Elspeth, Storm Slayer",Legendary Planeswalker — Elspeth,W,View,adhavoc,$E$18
✓,"Eiganjo, Seat of the Empire",Legendary Land,W,View,adhavoc,$E$32
✓,Mockingbird,Creature — Bird Bard,U,View,tendertouch,$K$27
✓,Phantasmal Shieldback,Creature — Turtle Illusion,U,View,gogey,$I$35
✓,Spyglass Siren,Creature — Siren Pirate,U,View,dkriddles,$G$22
✓,Duelist of the Mind,Creature — Human Advisor,U,View,gogey,$I$44
✓,Faerie Mastermind,Creature — Faerie Rogue,U,View,gogey,$I$20
✓,Floodpits Drowner,Creature — Merfolk,U,View,dkriddles,$G$29
✓,"Jace, Vryn's Prodigy",Legendary Creature — Human Wizard,U,View,gogey,$I$40
,"Kitsa, Otterball Elite",Legendary Creature — Otter Wizard,U,View,,
✓,Ledger Shredder,Creature — Bird Advisor,U,View,tendertouch,$K$26
✓,"Malcolm, Alluring Scoundrel",Legendary Creature — Siren Pirate,U,View,dkriddles,$G$20
,Mischievous Mystic,Creature — Human Wizard,U,View,,
,Phantasmal Image,Creature — Illusion,U,View,,
✓,Silent Hallcreeper,Enchantment Creature — Horror,U,View,dkriddles,$G$45
✓,Snapcaster Mage,Creature — Human Wizard,U,View,gogey,$I$13
,Abhorrent Oculus,Creature — Eye,U,View,,
✓,Brazen Borrower,Creature — Faerie Rogue,U,View,dkriddles,$G$18
✓,Chrome Host Seedshark,Creature — Phyrexian Shark,U,View,gogey,$I$38
,Forensic Gadgeteer,Creature — Vedalken Artificer Detective,U,View,,
,"Kiora, the Rising Tide",Legendary Creature — Merfolk Noble,U,View,,
✓,Phyrexian Metamorph,Artifact Creature — Phyrexian Shapeshifter,U,View,tendertouch,$K$48
✓,Vendilion Clique,Legendary Creature — Faerie Wizard,U,View,gogey,$I$34
,Displacer Kitten,Creature — Cat Beast,U,View,,
✓,Enduring Curiosity,Enchantment Creature — Cat Glimmer,U,View,dkriddles,$G$40
✓,Micromancer,Creature — Human Wizard,U,View,aviseras,$L$16
✓,Subtlety,Creature — Elemental Incarnation,U,View,gogey,$I$16
✓,"Urza, Lord High Artificer",Legendary Creature — Human Artificer,U,View,gogey,$I$5
✓,"Venser, Shaper Savant",Legendary Creature — Human Wizard,U,View,aviseras,$L$37
✓,Quantum Riddler,Creature — Sphinx,U,View,gogey,$I$7
✓,Kappa Cannoneer,Artifact Creature — Turtle Warrior,U,View,gogey,$I$47
✓,Torrential Gearhulk,Artifact Creature — Construct,U,View,gogey,$I$25
✓,Brainstorm,Instant,U,View,gogey,$I$15
✓,Consider,Instant,U,View,gogey,$I$41
✓,Fading Hope,Instant,U,View,gogey,$I$32
,Opt,Instant,U,View,,
✓,Spell Pierce,Instant,U,View,dkriddles,$G$14
✓,Stern Scolding,Instant,U,View,gogey,$I$24
,Thought Scour,Instant,U,View,,
✓,Three Steps Ahead,Instant,U,View,aviseras,$L$36
✓,Counterspell,Instant,U,View,gogey,$I$21
✓,Make Disappear,Instant,U,View,dkriddles,$G$28
✓,Mana Leak,Instant,U,View,gogey,$I$4
✓,Memory Lapse,Instant,U,View,gogey,$I$6
✓,Miscalculation,Instant,U,View,gogey,$I$30
✓,Remand,Instant,U,View,gogey,$I$8
,Brainsurge,Instant,U,View,,
✓,Sink into Stupor,Instant,U,View,gogey,$I$26
✓,Cryptic Command,Instant,U,View,gogey,$I$12
✓,Intrude on the Mind,Instant,U,View,gogey,$I$42
✓,Mystic Confluence,Instant,U,View,gogey,$I$14
✓,Sublime Epiphany,Instant,U,View,gogey,$I$23
✓,Commit // Memory,Instant,U,View,gogey,$I$28
✓,Hard Evidence,Sorcery,U,View,gogey,$I$29
✓,Ponder,Sorcery,U,View,gogey,$I$17
✓,Chart a Course,Sorcery,U,View,tendertouch,$K$25
✓,Stock Up,Sorcery,U,View,tendertouch,$K$12
✓,Winternight Stories,Sorcery,U,View,clorpy,$J$45
✓,Lórien Revealed,Sorcery,U,View,gogey,$I$9
✓,Temporal Manipulation,Sorcery,U,View,tendertouch,$K$11
✓,Time Warp,Sorcery,U,View,tendertouch,$K$10
✓,Treasure Cruise,Sorcery,U,View,dkriddles,$G$36
✓,Aether Spellbomb,Artifact,U,View,dkriddles,$G$37
✓,Astrologian's Planisphere,Artifact — Equipment,U,View,gogey,$I$19
✓,Cryptic Coat,Artifact — Equipment,U,View,aviseras,$L$34
,Stormchaser's Talent,Enchantment — Class,U,View,,
✓,Unable to Scream,Enchantment — Aura,U,View,gogey,$I$36
,Proft's Eidetic Memory,Legendary Enchantment,U,View,,
✓,Shark Typhoon,Enchantment,U,View,gogey,$I$33
✓,"Narset, Parter of Veils",Legendary Planeswalker — Narset,U,View,gogey,$I$39
✓,"Jace, the Mind Sculptor",Legendary Planeswalker — Jace,U,View,dkriddles,$G$41
✓,Mystic Sanctuary,Land — Island,U,View,gogey,$I$18
✓,"Otawara, Soaring City",Legendary Land,U,View,gogey,$I$22
✓,Bloodsoaked Champion,Creature — Human Warrior,B,View,ILIJILILI,$D$28
✓,Concealing Curtains,Creature — Wall,B,View,lastabzan,$F$35
✓,Forsaken Miner,Creature — Skeleton Rogue,B,View,ILIJILILI,$D$22
✓,Knight of the Ebon Legion,Creature — Vampire Knight,B,View,ILIJILILI,$D$48
✓,Nethergoyf,Creature — Lhurgoyf,B,View,philjackson,$H$33
✓,Blade of the Oni,Artifact Creature — Equipment Demon,B,View,tendertouch,$K$44
✓,Bloodghast,Creature — Vampire Spirit,B,View,ILIJILILI,$D$23
✓,Caustic Bronco,Creature — Snake Horse Mount,B,View,lastabzan,$F$40
✓,Dark Confidant,Creature — Human Wizard,B,View,philjackson,$H$18
✓,Dauthi Voidwalker,Creature — Dauthi Rogue,B,View,tendertouch,$K$7
✓,Deep-Cavern Bat,Creature — Bat,B,View,tendertouch,$K$18
✓,Emperor of Bones,Creature — Skeleton Noble,B,View,philjackson,$H$6
✓,"Jadar, Ghoulcaller of Nephalia",Legendary Creature — Human Wizard,B,View,ILIJILILI,$D$25
✓,Marionette Apprentice,Creature — Human Artificer,B,View,lastabzan,$F$10
✓,Priest of Forgotten Gods,Creature — Human Cleric,B,View,ILIJILILI,$D$16
,Scourge of the Skyclaves,Creature — Demon,B,View,,
,Sinkhole Surveyor,Creature — Bird Scout,B,View,,
,Sunset Saboteur,Creature — Human Rogue,B,View,,
✓,Tenacious Underdog,Creature — Human Warrior,B,View,philjackson,$H$22
✓,Umbral Collar Zealot,Creature — Human Cleric,B,View,lastabzan,$F$17
,Abyssal Harvester,Creature — Demon Warlock,B,View,,
✓,Barrowgoyf,Creature — Lhurgoyf,B,View,philjackson,$H$5
✓,"Gix, Yawgmoth Praetor",Legendary Creature — Phyrexian Praetor,B,View,tendertouch,$K$37
✓,Ophiomancer,Creature — Human Shaman,B,View,tendertouch,$K$42
✓,Preacher of the Schism,Creature — Vampire Cleric,B,View,philjackson,$H$27
✓,Rotting Regisaur,Creature — Zombie Dinosaur,B,View,tendertouch,$K$38
✓,"Sephiroth, Fabled SOLDIER",Legendary Creature — Human Avatar Soldier,B,View,ILIJILILI,$D$10
✓,Warren Soultrader,Creature — Zombie Goblin Wizard,B,View,ILIJILILI,$D$46
✓,Woe Strider,Creature — Horror,B,View,ILIJILILI,$D$45
✓,Archfiend of the Dross,Creature — Phyrexian Demon,B,View,philjackson,$H$40
✓,Elegy Acolyte,Creature — Human Cleric,B,View,philjackson,$H$26
✓,Grief,Creature — Elemental Incarnation,B,View,ILIJILILI,$D$43
✓,Hostile Investigator,Creature — Ogre Rogue Detective,B,View,philjackson,$H$45
✓,"Sheoldred, the Apocalypse",Legendary Creature — Phyrexian Praetor,B,View,tendertouch,$K$6
✓,"Yawgmoth, Thran Physician",Legendary Creature — Human Cleric,B,View,ILIJILILI,$D$12
✓,Overlord of the Balemurk,Enchantment Creature — Avatar Horror,B,View,tendertouch,$K$9
✓,Crabomination,Creature — Crab Demon,B,View,tendertouch,$K$4
✓,Grave Titan,Creature — Giant,B,View,ILIJILILI,$D$47
✓,Troll of Khazad-dûm,Creature — Troll,B,View,ILIJILILI,$D$7
✓,Cut Down,Instant,B,View,ILIJILILI,$D$19
✓,Dark Ritual,Instant,B,View,tendertouch,$K$8
✓,Fatal Push,Instant,B,View,philjackson,$H$9
✓,Bitter Triumph,Instant,B,View,lastabzan,$F$15
✓,Go for the Throat,Instant,B,View,ILIJILILI,$D$31
✓,Infernal Grasp,Instant,B,View,philjackson,$H$15
✓,Sheoldred's Edict,Instant,B,View,philjackson,$H$29
✓,Dismember,Instant,B,View,dkriddles,$G$8
✓,Saw in Half,Instant,B,View,tendertouch,$K$45
✓,Fell the Profane,Instant,B,View,tendertouch,$K$34
✓,Pile On,Instant,B,View,lastabzan,$F$41
✓,Murderous Cut,Instant,B,View,ILIJILILI,$D$41
✓,Bloodchief's Thirst,Sorcery,B,View,lastabzan,$F$33
✓,Bone Shards,Sorcery,B,View,ILIJILILI,$D$20
✓,Duress,Sorcery,B,View,philjackson,$H$34
✓,Inquisition of Kozilek,Sorcery,B,View,lastabzan,$F$27
✓,Reanimate,Sorcery,B,View,ILIJILILI,$D$4
✓,Thoughtseize,Sorcery,B,View,ILIJILILI,$D$5
✓,Unearth,Sorcery,B,View,philjackson,$H$14
✓,Demonic Tutor,Sorcery,B,View,lastabzan,$F$4
✓,Fell,Sorcery,B,View,philjackson,$H$25
✓,Persist,Sorcery,B,View,tendertouch,$K$39
✓,Quag Feast,Sorcery,B,View,tendertouch,$K$15
✓,Toxic Deluge,Sorcery,B,View,tendertouch,$K$14
✓,Damnation,Sorcery,B,View,lastabzan,$F$34
✓,Scavenger's Talent,Enchantment — Class,B,View,lastabzan,$F$30
✓,Bitterblossom,Kindred Enchantment — Faerie,B,View,lastabzan,$F$12
✓,Chthonian Nightmare,Enchantment,B,View,lastabzan,$F$11
✓,The Meathook Massacre,Legendary Enchantment,B,View,lastabzan,$F$9
✓,Necromancy,Enchantment,B,View,tendertouch,$K$19
✓,Virtue of Persistence,Enchantment,B,View,tendertouch,$K$35
✓,Unholy Annex // Ritual Chamber,Enchantment — Room,B,View,tendertouch,$K$13
✓,Liliana of the Veil,Legendary Planeswalker — Liliana,B,View,philjackson,$H$23
✓,Phyrexian Tower,Legendary Land,B,View,lastabzan,$F$44
✓,Spymaster's Vault,Land,B,View,lastabzan,$F$45
✓,Dragon's Rage Channeler,Creature — Human Shaman,R,View,dkriddles,$G$44
✓,Greasewrench Goblin,Creature — Goblin Artificer,R,View,dkriddles,$G$46
✓,Grim Lavamancer,Creature — Human Wizard,R,View,dkriddles,$G$30
,Heartfire Hero,Creature — Mouse Soldier,R,View,,
✓,Hired Claw,Creature — Lizard Mercenary,R,View,adhavoc,$E$45
,Kavaron Harrier,Artifact Creature — Robot Soldier,R,View,,
,Marauding Mako,Creature — Shark Pirate,R,View,,
✓,"Ragavan, Nimble Pilferer",Legendary Creature — Monkey Pirate,R,View,dkriddles,$G$4
,Voldaren Epicure,Creature — Vampire,R,View,,
✓,Bloodthirsty Adversary,Creature — Vampire,R,View,dkriddles,$G$19
,Dreadhorde Arcanist,Creature — Zombie Wizard,R,View,,
✓,Earthshaker Khenra,Creature — Jackal Warrior,R,View,dkriddles,$G$42
,Emberheart Challenger,Creature — Mouse Warrior,R,View,,
✓,Fear of Missing Out,Enchantment Creature — Nightmare,R,View,philjackson,$H$13
,Generous Plunderer,Creature — Human Rogue,R,View,,
✓,"Inti, Seneschal of the Sun",Legendary Creature — Human Knight,R,View,philjackson,$H$10
✓,"Ivora, Insatiable Heir",Legendary Creature — Vampire Warrior,R,View,lastabzan,$F$48
✓,"Kari Zev, Skyship Raider",Legendary Creature — Human Pirate,R,View,dkriddles,$G$21
✓,"Magda, Brazen Outlaw",Legendary Creature — Dwarf Berserker,R,View,dkriddles,$G$25
✓,"Magda, the Hoardmaster",Legendary Creature — Dwarf Berserker,R,View,dkriddles,$G$39
,Robber of the Rich,Creature — Human Archer Rogue,R,View,,
✓,Scrapwork Mutt,Artifact Creature — Dog,R,View,ILIJILILI,$D$34
,Searslicer Goblin,Creature — Goblin Warrior,R,View,,
✓,Bonecrusher Giant,Creature — Giant,R,View,dkriddles,$G$15
✓,Detective's Phoenix,Enchantment Creature — Phoenix,R,View,adhavoc,$E$23
,Goblin Rabblemaster,Creature — Goblin Warrior,R,View,,
✓,"Gut, True Soul Zealot",Legendary Creature — Goblin Shaman,R,View,ILIJILILI,$D$6
✓,"Laelia, the Blade Reforged",Legendary Creature — Spirit Warrior,R,View,dkriddles,$G$11
✓,Rampaging Ferocidon,Creature — Dinosaur,R,View,adhavoc,$E$43
✓,Screaming Nemesis,Creature — Spirit,R,View,dkriddles,$G$27
✓,Seasoned Pyromancer,Creature — Human Shaman,R,View,adhavoc,$E$20
✓,Tersa Lightshatter,Legendary Creature — Orc Wizard,R,View,dkriddles,$G$43
✓,Voldaren Thrillseeker,Creature — Vampire Warrior,R,View,philjackson,$H$48
✓,Pyrogoyf,Creature — Lhurgoyf,R,View,dkriddles,$G$5
,Rampaging Raptor,Creature — Dinosaur,R,View,,
,Bonehoard Dracosaur,Creature — Dinosaur Dragon,R,View,,
✓,Fury,Creature — Elemental Incarnation,R,View,dkriddles,$G$9
✓,Glorybringer,Creature — Dragon,R,View,dkriddles,$G$33
,Goldspan Dragon,Creature — Dragon,R,View,,
✓,Zealous Conscripts,Creature — Human Warrior,R,View,dkriddles,$G$47
✓,Oliphaunt,Creature — Elephant,R,View,dkriddles,$G$32
✓,Overlord of the Boilerbilges,Enchantment Creature — Avatar Horror,R,View,dkriddles,$G$38
✓,Trumpeting Carnosaur,Creature — Dinosaur,R,View,tendertouch,$K$33
✓,Burst Lightning,Instant,R,View,dkriddles,$G$17
✓,Fire Magic,Instant,R,View,ILIJILILI,$D$40
✓,Galvanic Blast,Instant,R,View,lastabzan,$F$43
,Lightning Axe,Instant,R,View,,
✓,Lightning Bolt,Instant,R,View,adhavoc,$E$8
✓,Monstrous Rage,Instant,R,View,philjackson,$H$42
✓,Spikefield Hazard,Instant,R,View,dkriddles,$G$34
✓,Torch the Tower,Instant,R,View,adhavoc,$E$37
✓,Unholy Heat,Instant,R,View,philjackson,$H$30
✓,Abrade,Instant,R,View,dkriddles,$G$35
,Fiery Temper,Instant,R,View,,
✓,Ghostfire Slice,Instant,R,View,dkriddles,$G$31
✓,Chain Lightning,Sorcery,R,View,dkriddles,$G$10
,Faithless Looting,Sorcery,R,View,,
✓,Flame Slash,Sorcery,R,View,dkriddles,$G$13
,Mizzium Mortars,Sorcery,R,View,,
,Tribal Flames,Sorcery,R,View,,
,Mizzix's Mastery,Sorcery,R,View,,
✓,Pyrite Spellbomb,Artifact,R,View,lastabzan,$F$29
✓,Chainsaw,Artifact — Equipment,R,View,lastabzan,$F$38
✓,Cori-Steel Cutter,Artifact — Equipment,R,View,adhavoc,$E$26
✓,Legion Extruder,Artifact,R,View,lastabzan,$F$37
✓,Embercleave,Legendary Artifact — Equipment,R,View,adhavoc,$E$42
✓,Kumano Faces Kakkazan,Enchantment — Saga,R,View,dkriddles,$G$26
✓,Goblin Bombardment,Enchantment,R,View,adhavoc,$E$7
✓,Fable of the Mirror-Breaker,Enchantment — Saga,R,View,dkriddles,$G$7
✓,Fires of Invention,Enchantment,R,View,tendertouch,$K$32
✓,"Chandra, Torch of Defiance",Legendary Planeswalker — Chandra,R,View,dkriddles,$G$23
✓,Arena of Glory,Land,R,View,adhavoc,$E$12
✓,Birds of Paradise,Creature — Bird,G,View,philjackson,$H$4
✓,Elvish Mystic,Creature — Elf Druid,G,View,coopergfrye,$C$23
✓,Goldvein Hydra,Creature — Hydra,G,View,coopergfrye,$C$31
✓,Llanowar Elves,Creature — Elf Druid,G,View,clorpy,$J$25
✓,Molt Tender,Creature — Insect Druid,G,View,clorpy,$J$24
✓,Pawpatch Recruit,Creature — Rabbit Warrior,G,View,philjackson,$H$21
✓,Sazh's Chocobo,Creature — Bird,G,View,philjackson,$H$19
,Wild Nacatl,Creature — Cat Warrior,G,View,,
✓,"Bristly Bill, Spine Sower",Legendary Creature — Plant Druid,G,View,philjackson,$H$8
✓,Cankerbloom,Creature — Phyrexian Fungus,G,View,clorpy,$J$43
✓,Deeproot Wayfinder,Creature — Merfolk Scout,G,View,coopergfrye,$C$44
✓,Fanatic of Rhonas,Creature — Snake Druid,G,View,clorpy,$J$12
✓,Keen-Eyed Curator,Creature — Raccoon Scout,G,View,clorpy,$J$34
✓,Lotus Cobra,Creature — Snake,G,View,coopergfrye,$C$19
,Nishoba Brawler,Creature — Cat Warrior,G,View,,
,Quirion Beastcaller,Creature — Dryad Warrior,G,View,,
✓,"Rofellos, Llanowar Emissary",Legendary Creature — Elf Druid,G,View,clorpy,$J$13
✓,Scavenging Ooze,Creature — Ooze,G,View,coopergfrye,$C$37
✓,Scythecat Cub,Creature — Cat,G,View,coopergfrye,$C$9
✓,Springheart Nantuko,Enchantment Creature — Insect Monk,G,View,coopergfrye,$C$10
✓,Sylvan Caryatid,Creature — Plant,G,View,coopergfrye,$C$32
,Tarmogoyf,Creature — Lhurgoyf,G,View,,
✓,Voracious Hydra,Creature — Hydra,G,View,clorpy,$J$40
✓,Endurance,Creature — Elemental Incarnation,G,View,clorpy,$J$21
✓,Eternal Witness,Creature — Human Shaman,G,View,coopergfrye,$C$28
,Outcaster Trailblazer,Creature — Human Druid,G,View,,
,Sandstorm Salvager,Creature — Human Artificer,G,View,,
✓,Sentinel of the Nameless City,Creature — Merfolk Warrior Scout,G,View,coopergfrye,$C$21
✓,Six,Legendary Creature — Treefolk,G,View,coopergfrye,$C$11
✓,Tireless Provisioner,Creature — Elf Scout,G,View,clorpy,$J$22
✓,Tireless Tracker,Creature — Human Scout,G,View,clorpy,$J$20
✓,Bristlebud Farmer,Creature — Plant Druid,G,View,philjackson,$H$31
✓,Icetill Explorer,Creature — Insect Scout,G,View,philjackson,$H$7
✓,Nightpack Ambusher,Creature — Wolf,G,View,clorpy,$J$36
✓,Questing Beast,Legendary Creature — Beast,G,View,clorpy,$J$48
,Timeless Witness,Creature — Human Shaman,G,View,,
✓,Ulvenwald Oddity,Creature — Beast,G,View,clorpy,$J$37
✓,Agonasaur Rex,Creature — Dinosaur,G,View,philjackson,$H$37
✓,Balustrade Wurm,Creature — Wurm,G,View,philjackson,$H$32
✓,Overlord of the Hauntwoods,Enchantment Creature — Avatar Horror,G,View,clorpy,$J$26
,Summon: Titan,Enchantment Creature — Saga Giant,G,View,,
✓,Thragtusk,Creature — Beast,G,View,clorpy,$J$41
✓,Generous Ent,Creature — Treefolk,G,View,clorpy,$J$32
✓,"Kogla, the Titan Ape",Legendary Creature — Ape,G,View,clorpy,$J$47
✓,"Lumra, Bellow of the Woods",Legendary Creature — Elemental Bear,G,View,coopergfrye,$C$46
✓,Primeval Titan,Creature — Giant,G,View,clorpy,$J$9
,Titan of Industry,Creature — Elemental,G,View,,
✓,Vaultborn Tyrant,Creature — Dinosaur,G,View,clorpy,$J$35
✓,Inscription of Abundance,Instant,G,View,clorpy,$J$23
✓,Green Sun's Zenith,Sorcery,G,View,coopergfrye,$C$45
✓,Primal Might,Sorcery,G,View,clorpy,$J$42
✓,Esper Origins,Sorcery,G,View,philjackson,$H$38
✓,Malevolent Rumble,Sorcery,G,View,clorpy,$J$6
✓,Bridgeworks Battle,Sorcery,G,View,clorpy,$J$33
,Lumbering Worldwagon,Artifact — Vehicle,G,View,,
✓,Esika's Chariot,Legendary Artifact — Vehicle,G,View,clorpy,$J$17
✓,The Great Henge,Legendary Artifact,G,View,clorpy,$J$39
✓,Utopia Sprawl,Enchantment — Aura,G,View,coopergfrye,$C$24
✓,Hunter's Talent,Enchantment — Class,G,View,coopergfrye,$C$22
✓,Innkeeper's Talent,Enchantment — Class,G,View,philjackson,$H$20
✓,Ranger Class,Enchantment — Class,G,View,philjackson,$H$28
✓,"Nissa, Who Shakes the World",Legendary Planeswalker — Nissa,G,View,clorpy,$J$15
✓,"Nissa, Ascended Animist",Legendary Planeswalker — Nissa,G,View,clorpy,$J$30
✓,"Boseiju, Who Endures",Legendary Land,G,View,clorpy,$J$18
✓,Shifting Woodland,Land,G,View,philjackson,$H$41
✓,"Plagon, Lord of the Beach",Legendary Creature — Starfish Wizard,WU,View,coopergfrye,$C$26
✓,Spell Queller,Creature — Spirit,WU,View,aviseras,$L$43
,"Tameshi, Reality Architect",Legendary Creature — Moonfolk Wizard,WU,View,,
✓,No More Lies,Instant,WU,View,aviseras,$L$42
,Supreme Verdict,Sorcery,WU,View,,
,Talisman of Progress,Artifact,WU,View,,
✓,Assimilation Aegis,Artifact — Equipment,WU,View,coopergfrye,$C$30
✓,"Teferi, Time Raveler",Legendary Planeswalker — Teferi,WU,View,coopergfrye,$C$20
✓,"Teferi, Hero of Dominaria",Legendary Planeswalker — Teferi,WU,View,aviseras,$L$47
✓,Celestial Colonnade,Land,WU,View,aviseras,$L$41
✓,Hallowed Fountain,Land — Plains Island,WU,View,adhavoc,$E$17
✓,Hallowed Fountain 2,Land — Plains Island,WU,View,aviseras,$L$18
✓,Meticulous Archive,Land — Plains Island,WU,View,aviseras,$L$40
✓,Seachrome Coast,Land,WU,View,aviseras,$L$23
✓,"Cecil, Dark Knight",Legendary Creature — Human Knight,WB,View,tendertouch,$K$29
✓,Priest of Fell Rites,Creature — Human Warlock,WB,View,ILIJILILI,$D$37
✓,Sorin of House Markov,Legendary Creature — Human Noble,WB,View,lastabzan,$F$47
✓,Lurrus of the Dream-Den,Legendary Creature — Cat Nightmare,WB,View,lastabzan,$F$8
✓,"Teysa, Opulent Oligarch",Legendary Creature — Human Advisor,WB,View,ILIJILILI,$D$42
✓,Vanishing Verse,Instant,WB,View,ILIJILILI,$D$32
✓,Damn,Sorcery,WB,View,ILIJILILI,$D$30
✓,Lingering Souls,Sorcery,WB,View,ILIJILILI,$D$18
✓,Concealed Courtyard,Land,WB,View,lastabzan,$F$24
✓,Godless Shrine,Land — Plains Swamp,WB,View,lastabzan,$F$21
✓,Godless Shrine 2,Land — Plains Swamp,WB,View,ILIJILILI,$D$21
✓,Restless Fortress,Land,WB,View,lastabzan,$F$42
✓,Shadowy Backstreet,Land — Plains Swamp,WB,View,ILIJILILI,$D$27
✓,Imodane's Recruiter,Creature — Human Knight,WR,View,adhavoc,$E$29
✓,"Joshua, Phoenix's Dominant",Legendary Creature — Human Noble Wizard,WR,View,adhavoc,$E$35
✓,"Phlage, Titan of Fire's Fury",Legendary Creature — Elder Giant,WR,View,adhavoc,$E$6
,The Jolly Balloon Man,Legendary Creature — Human Clown,WR,View,,
,Lightning Helix,Instant,WR,View,,
✓,Talisman of Conviction,Artifact,WR,View,lastabzan,$F$22
✓,Showdown of the Skalds,Enchantment — Saga,WR,View,adhavoc,$E$46
✓,Elegant Parlor,Land — Mountain Plains,WR,View,adhavoc,$E$19
✓,Inspiring Vantage,Land,WR,View,lastabzan,$F$26
✓,Restless Bivouac,Land,WR,View,adhavoc,$E$27
✓,Sacred Foundry,Land — Mountain Plains,WR,View,adhavoc,$E$15
✓,Sacred Foundry 2,Land — Mountain Plains,WR,View,ILIJILILI,$D$15
,Voice of Resurgence,Creature — Elemental,WG,View,,
,Knight of Autumn,Creature — Dryad Knight,WG,View,,
,Knight of the Reliquary,Creature — Human Knight,WG,View,,
,Brightglass Gearhulk,Artifact Creature — Construct,WG,View,,
✓,Cosmic Rebirth,Instant,WG,View,coopergfrye,$C$47
✓,Lush Portico,Land — Forest Plains,WG,View,coopergfrye,$C$42
✓,Razorverge Thicket,Land,WG,View,coopergfrye,$C$43
,Stirring Wildwood,Land,WG,View,,
,Temple Garden,Land — Forest Plains,WG,View,,
✓,Temple Garden 2,Land — Forest Plains,WG,View,coopergfrye,$C$34
✓,Baleful Strix,Artifact Creature — Bird,UB,View,tendertouch,$K$24
,"Lazav, Wearer of Faces",Legendary Creature — Shapeshifter Detective,UB,View,,
✓,"Rona, Herald of Invasion",Legendary Creature — Human Wizard,UB,View,coopergfrye,$C$33
✓,"Yuriko, the Tiger's Shadow",Legendary Creature — Human Ninja,UB,View,tendertouch,$K$30
✓,Fallen Shinobi,Creature — Zombie Ninja,UB,View,tendertouch,$K$5
,Talisman of Dominance,Artifact,UB,View,,
✓,Kaito Shizuki,Legendary Planeswalker — Kaito,UB,View,tendertouch,$K$36
✓,"Kaito, Bane of Nightmares",Legendary Planeswalker — Kaito,UB,View,tendertouch,$K$46
✓,Creeping Tar Pit,Land,UB,View,tendertouch,$K$41
,Darkslick Shores,Land,UB,View,,
✓,Undercity Sewers,Land — Island Swamp,UB,View,tendertouch,$K$43
✓,Watery Grave,Land — Island Swamp,UB,View,tendertouch,$K$23
✓,Watery Grave 2,Land — Island Swamp,UB,View,tendertouch,$K$22
✓,Sprite Dragon,Creature — Faerie Dragon,UR,View,dkriddles,$G$48
,Third Path Iconoclast,Creature — Human Monk,UR,View,,
✓,"Lutri, the Spellchaser",Legendary Creature — Elemental Otter,UR,View,gogey,$I$27
,Vivi Ornitier,Legendary Creature — Wizard,UR,View,,
,Prismari Command,Instant,UR,View,,
✓,Magma Opus,Instant,UR,View,gogey,$I$48
,Expressive Iteration,Sorcery,UR,View,,
,Silverbluff Bridge,Artifact Land,UR,View,,
,Talisman of Creativity,Artifact,UR,View,,
✓,"Saheeli, Sublime Artificer",Legendary Planeswalker — Saheeli,UR,View,gogey,$I$43
✓,Spirebluff Canal,Land,UR,View,dkriddles,$G$24
✓,Steam Vents,Land — Island Mountain,UR,View,dkriddles,$G$16
✓,Steam Vents 2,Land — Island Mountain,UR,View,adhavoc,$E$16
✓,Thundering Falls,Land — Island Mountain,UR,View,tendertouch,$K$20
✓,"Tamiyo, Inquisitive Student",Legendary Creature — Moonfolk Wizard,UG,View,coopergfrye,$C$4
✓,Genemorph Imago,Creature — Insect Druid,UG,View,coopergfrye,$C$48
✓,Hydroid Krasis,Creature — Jellyfish Hydra Beast,UG,View,clorpy,$J$27
✓,Kishla Skimmer,Creature — Bird Scout,UG,View,clorpy,$J$28
✓,"Uro, Titan of Nature's Wrath",Legendary Creature — Elder Giant,UG,View,clorpy,$J$7
,"Tamiyo, Collector of Tales",Legendary Planeswalker — Tamiyo,UG,View,,
✓,Botanical Sanctum,Land,UG,View,clorpy,$J$44
✓,Breeding Pool,Land — Forest Island,UG,View,clorpy,$J$14
✓,Breeding Pool 2,Land — Forest Island,UG,View,coopergfrye,$C$15
✓,Hedge Maze,Land — Forest Island,UG,View,clorpy,$J$16
✓,Restless Vinestalk,Land,UG,View,clorpy,$J$29
✓,Bloodtithe Harvester,Creature — Vampire,BR,View,ILIJILILI,$D$44
✓,"Kroxa, Titan of Death's Hunger",Legendary Creature — Elder Giant,BR,View,ILIJILILI,$D$36
✓,"Alesha, Who Laughs at Fate",Legendary Creature — Human Warrior,BR,View,philjackson,$H$47
,"Judith, the Scourge Diva",Legendary Creature — Human Shaman,BR,View,,
✓,Mayhem Devil,Creature — Devil,BR,View,ILIJILILI,$D$29
✓,Kolaghan's Command,Instant,BR,View,lastabzan,$F$28
✓,Claim // Fame,Sorcery,BR,View,lastabzan,$F$46
✓,Blackcleave Cliffs,Land,BR,View,ILIJILILI,$D$24
✓,Blood Crypt,Land — Swamp Mountain,BR,View,philjackson,$H$16
✓,Blood Crypt 2,Land — Swamp Mountain,BR,View,ILIJILILI,$D$17
✓,Raucous Theater,Land — Swamp Mountain,BR,View,tendertouch,$K$21
✓,Restless Vents,Land,BR,View,ILIJILILI,$D$26
✓,Deathrite Shaman,Creature — Elf Shaman,BG,View,lastabzan,$F$7
,Wight of the Reliquary,Creature — Zombie Knight,BG,View,,
✓,Glissa Sunslayer,Legendary Creature — Phyrexian Zombie Elf,BG,View,philjackson,$H$24
,The Gitrog Monster,Legendary Creature — Frog Horror,BG,View,,
✓,Abrupt Decay,Instant,BG,View,philjackson,$H$39
✓,Tear Asunder,Instant,BG,View,philjackson,$H$35
,"Grist, the Hunger Tide",Legendary Planeswalker — Grist,BG,View,,
✓,Blooming Marsh,Land,BG,View,philjackson,$H$46
✓,Overgrown Tomb,Land — Swamp Forest,BG,View,philjackson,$H$17
✓,Overgrown Tomb 2,Land — Swamp Forest,BG,View,coopergfrye,$C$35
✓,Restless Cottage,Land,BG,View,philjackson,$H$43
✓,Underground Mortuary,Land — Swamp Forest,BG,View,philjackson,$H$44
,Territorial Kavu,Creature — Kavu,RG,View,,
,"Migloz, Maze Crusher",Legendary Creature — Phyrexian Beast,RG,View,,
,Bloodbraid Elf,Creature — Elf Berserker,RG,View,,
,Huntmaster of the Fells,Creature — Human Werewolf,RG,View,,
,"Etali, Primal Conqueror",Legendary Creature — Elder Dinosaur,RG,View,,
✓,Wrenn and Six,Legendary Planeswalker — Wrenn,RG,View,clorpy,$J$4
✓,Commercial District,Land — Mountain Forest,RG,View,philjackson,$H$36
✓,Copperline Gorge,Land,RG,View,clorpy,$J$46
✓,Raging Ravine,Land,RG,View,clorpy,$J$38
✓,Stomping Ground,Land — Mountain Forest,RG,View,clorpy,$J$19
✓,Stomping Ground 2,Land — Mountain Forest,RG,View,coopergfrye,$C$36
,"Raffine, Scheming Seer",Legendary Creature — Sphinx Demon,WUB,View,,
,"Satya, Aetherflux Genius",Legendary Creature — Human Artificer,WUR,View,,
✓,Noble Hierarch,Creature — Human Druid,WUG,View,coopergfrye,$C$6
,Urban Retreat,Land,WUG,View,,
✓,Norman Osborn,Legendary Creature — Human Scientist Villain,UBR,View,tendertouch,$K$31
✓,Oscorp Industries,Land,UBR,View,tendertouch,$K$47
,"Loot, the Pathfinder",Legendary Creature — Beast Noble,URG,View,,
✓,Ignoble Hierarch,Creature — Goblin Shaman,BRG,View,coopergfrye,$C$5
,"Korvold, Fae-Cursed King",Legendary Creature — Dragon Noble,BRG,View,,
✓,"Golos, Tireless Pilgrim",Legendary Artifact Creature — Scout,WUBRG,View,coopergfrye,$C$39
✓,Hangarback Walker,Artifact Creature — Construct,C,View,lastabzan,$F$25
✓,Gingerbrute,Artifact Creature — Food Golem,C,View,lastabzan,$F$39
,Scrawling Crawler,Artifact Creature — Phyrexian Construct,C,View,,
✓,Wurmcoil Engine,Artifact Creature — Phyrexian Wurm,C,View,tendertouch,$K$40
,Cityscape Leveler,Artifact Creature — Construct,C,View,,
✓,Chrome Mox,Artifact,C,View,aviseras,$L$7
✓,Mishra's Bauble,Artifact,C,View,gogey,$I$11
✓,Mox Opal,Legendary Artifact,C,View,lastabzan,$F$6
✓,Chromatic Sphere,Artifact,C,View,lastabzan,$F$36
✓,Chromatic Star,Artifact,C,View,lastabzan,$F$16
✓,Currency Converter,Artifact,C,View,lastabzan,$F$5
✓,Relic of Progenitus,Artifact,C,View,adhavoc,$E$22
✓,Retrofitter Foundry,Artifact,C,View,gogey,$I$10
✓,Agatha's Soul Cauldron,Legendary Artifact,C,View,lastabzan,$F$13
✓,Reckoner Bankbuster,Artifact — Vehicle,C,View,gogey,$I$31
✓,Smuggler's Copter,Artifact — Vehicle,C,View,ILIJILILI,$D$11
,Monument to Endurance,Artifact,C,View,,
✓,Nettlecyst,Artifact — Equipment,C,View,aviseras,$L$33
✓,Palantír of Orthanc,Legendary Artifact,C,View,tendertouch,$K$28
✓,Sword of Fire and Ice,Artifact — Equipment,C,View,aviseras,$L$35
✓,The Aetherspark,Legendary Artifact Planeswalker — Equipment,C,View,adhavoc,$E$41
✓,Batterskull,Artifact — Equipment,C,View,adhavoc,$E$25
✓,"Skysovereign, Consul Flagship",Legendary Artifact — Vehicle,C,View,clorpy,$J$31
,Nexus of Becoming,Artifact,C,View,,
✓,Kaldra Compleat,Legendary Artifact — Equipment,C,View,adhavoc,$E$36
✓,"Karn, Scion of Urza",Legendary Planeswalker — Karn,C,View,gogey,$I$45
✓,Ancient Tomb,Land,C,View,dkriddles,$G$6
✓,Arid Mesa,Land,C,View,adhavoc,$E$9
✓,Arid Mesa 2,Land,C,View,adhavoc,$E$13
✓,Blinkmoth Nexus,Land,C,View,gogey,$I$46
✓,Bloodstained Mire,Land,C,View,ILIJILILI,$D$8
✓,Bloodstained Mire 2,Land,C,View,philjackson,$H$11
✓,Field of the Dead,Land,C,View,coopergfrye,$C$38
✓,Flooded Strand,Land,C,View,aviseras,$L$17
✓,Flooded Strand 2,Land,C,View,coopergfrye,$C$16
✓,Marsh Flats,Land,C,View,ILIJILILI,$D$13
✓,Marsh Flats 2,Land,C,View,ILIJILILI,$D$14
✓,Misty Rainforest,Land,C,View,coopergfrye,$C$8
✓,Misty Rainforest 2,Land,C,View,coopergfrye,$C$7
✓,Mutavault,Land,C,View,gogey,$I$37
✓,Polluted Delta,Land,C,View,tendertouch,$K$17
✓,Polluted Delta 2,Land,C,View,tendertouch,$K$16
✓,Prismatic Vista,Land,C,View,lastabzan,$F$18
✓,Scalding Tarn,Land,C,View,clorpy,$J$10
✓,Scalding Tarn 2,Land,C,View,dkriddles,$G$12
✓,Strip Mine,Land,C,View,clorpy,$J$5
✓,Verdant Catacombs,Land,C,View,philjackson,$H$12
✓,Verdant Catacombs 2,Land,C,View,coopergfrye,$C$12
✓,Windswept Heath,Land,C,View,coopergfrye,$C$14
✓,Windswept Heath 2,Land,C,View,coopergfrye,$C$13
✓,Wooded Foothills,Land,C,View,clorpy,$J$8
✓,Wooded Foothills 2,Land,C,View,clorpy,$J$11
,,,,,,$IXO$51264
,,,,,,$IXO$51264
,,,,,,$IXO$51264
,,,,,,$IXO$51264
,,,,,,$IXO$51264
,,,,,,$IXO$51264
,,,,,,$IXO$51264
,,,,,,$IXO$51264
,,,,,,$IXO$51264
,,,,,,$IXO$51264
,,,,,,$IXO$51264
,,,,,,$IXO$51264
,,,,,,$IXO$51264
,,,,,,$IXO$51264
,,,,,,$IXO$51264
,,,,,,$IXO$51264
,,,,,,$IXO$51264
,,,,,,$IXO$51264
,,,,,,$IXO$51264
,,,,,,$IXO$51264
,,,,,,$IXO$51264
,,,,,,$IXO$51264
,,,,,,$IXO$51264
,,,,,,$IXO$51264
,,,,,,$IXO$51264
,,,,,,$IXO$51264
,,,,,,$IXO$51264
,,,,,,$IXO$51264
,,,,,,$IXO$51264
,,,,,,$IXO$51264
,,,,,,$IXO$51264
,,,,,,$IXO$51264
,,,,,,$IXO$51264
,,,,,,$IXO$51264
,,,,,,$IXO$51264
,,,,,,$IXO$51264
,,,,,,$IXO$51264
,,,,,,$IXO$51264
,,,,,,$IXO$51264
,,,,,,$IXO$51264
,,,,,,$IXO$51264
,,,,,,$IXO$51264
,,,,,,$IXO$51264
,,,,,,$IXO$51264
,,,,,,$IXO$51264
,,,,,,$IXO$51264
,,,,,,$IXO$51264
,,,,,,$IXO$51264
,,,,,,$IXO$51264
,,,,,,$IXO$51264
,,,,,,$IXO$51264
,,,,,,$IXO$51264
,,,,,,$IXO$51264
,,,,,,$IXO$51264
,,,,,,$IXO$51264
,,,,,,$IXO$51264
,,,,,,$IXO$51264
,,,,,,$IXO$51264
,,,,,,$IXO$51264
,,,,,,$IXO$51264
,,,,,,$IXO$51264
,,,,,,$IXO$51264
,,,,,,$IXO$51264
,,,,,,$IXO$51264
,,,,,,$IXO$51264
,,,,,,$IXO$51264
,,,,,,$IXO$51264
,,,,,,$IXO$51264
,,,,,,$IXO$51264
,,,,,,$IXO$51264
,,,,,,$IXO$51264
,,,,,,$IXO$51264
,,,,,,$IXO$51264
,,,,,,$IXO$51264
,,,,,,$IXO$51264
,,,,,,$IXO$51264
,,,,,,$IXO$51264
,,,,,,$IXO$51264
,,,,,,$IXO$51264
,,,,,,$IXO$51264
,,,,,,$IXO$51264
,,,,,,$IXO$51264
,,,,,,$IXO$51264
,,,,,,$IXO$51264
,,,,,,$IXO$51264
,,,,,,$IXO$51264
,,,,,,$IXO$51264
,,,,,,$IXO$51264
,,,,,,$IXO$51264
,,,,,,$IXO$51264
,,,,,,$IXO$51264
,,,,,,$IXO$51264
,,,,,,$IXO$51264
,,,,,,$IXO$51264
,,,,,,$IXO$51264
,,,,,,$IXO$51264
,,,,,,$IXO$51264
,,,,,,$IXO$51264
,,,,,,$IXO$51264
,,,,,,$IXO$51264
,,,,,,$IXO$51264
,,,,,,$IXO$51264
,,,,,,$IXO$51264
,,,,,,$IXO$51264
,,,,,,$IXO$51264
,,,,,,$IXO$51264
,,,,,,$IXO$51264
,,,,,,$IXO$51264
,,,,,,$IXO$51264
,,,,,,$IXO$51264
,,,,,,$IXO$51264
,,,,,,$IXO$51264
,,,,,,$IXO$51264
,,,,,,$IXO$51264
,,,,,,$IXO$51264
,,,,,,$IXO$51264
,,,,,,$IXO$51264
,,,,,,$IXO$51264
,,,,,,$IXO$51264
,,,,,,$IXO$51264
,,,,,,$IXO$51264
,,,,,,$IXO$51264
,,,,,,$IXO$51264
,,,,,,$IXO$51264
,,,,,,$IXO$51264
,,,,,,$IXO$51264
,,,,,,$IXO$51264
,,,,,,$IXO$51264
,,,,,,$IXO$51264
,,,,,,$IXO$51264
,,,,,,$IXO$51264
,,,,,,$IXO$51264
,,,,,,$IXO$51264
,,,,,,$IXO$51264
,,,,,,$IXO$51264
,,,,,,$IXO$51264
,,,,,,$IXO$51264
,,,,,,$IXO$51264
,,,,,,$IXO$51264
,,,,,,$IXO$51264
,,,,,,$IXO$51264
,,,,,,$IXO$51264
,,,,,,$IXO$51264
,,,,,,$IXO$51264
,,,,,,$IXO$51264
,,,,,,$IXO$51264
,,,,,,$IXO$51264
,,,,,,$IXO$51264
,,,,,,$IXO$51264
,,,,,,$IXO$51264
,,,,,,$IXO$51264
,,,,,,$IXO$51264
,,,,,,$IXO$51264
,,,,,,$IXO$51264
,,,,,,$IXO$51264
,,,,,,$IXO$51264
,,,,,,$IXO$51264
,,,,,,$IXO$51264
,,,,,,$IXO$51264
,,,,,,$IXO$51264
,,,,,,$IXO$51264
,,,,,,$IXO$51264
,,,,,,$IXO$51264
,,,,,,$IXO$51264
,,,,,,$IXO$51264
,,,,,,$IXO$51264
,,,,,,$IXO$51264
,,,,,,$IXO$51264
,,,,,,$IXO$51264
,,,,,,$IXO$51264
,,,,,,$IXO$51264
,,,,,,$IXO$51264
,,,,,,$IXO$51264
,,,,,,$IXO$51264
,,,,,,$IXO$51264
,,,,,,$IXO$51264
,,,,,,$IXO$51264
,,,,,,$IXO$51264
,,,,,,$IXO$51264
,,,,,,$IXO$51264
,,,,,,$IXO$51264
,,,,,,$IXO$51264
,,,,,,$IXO$51264
,,,,,,$IXO$51264
,,,,,,$IXO$51264
,,,,,,$IXO$51264
,,,,,,$IXO$51264
,,,,,,$IXO$51264
,,,,,,$IXO$51264
,,,,,,$IXO$51264
,,,,,,$IXO$51264
,,,,,,$IXO$51264
,,,,,,$IXO$51264
,,,,,,$IXO$51264
,,,,,,$IXO$51264
,,,,,,$IXO$51264
,,,,,,$IXO$51264
,,,,,,$IXO$51264
,,,,,,$IXO$51264
,,,,,,$IXO$51264
,,,,,,$IXO$51264
,,,,,,$IXO$51264
,,,,,,$IXO$51264
,,,,,,$IXO$51264
,,,,,,$IXO$51264
,,,,,,$IXO$51264
,,,,,,$IXO$51264
,,,,,,$IXO$51264
,,,,,,$IXO$51264
,,,,,,$IXO$51264